repo_path,source_path_under_thesis,source_mtime,md5,note
spore/spore.py,OBJECTS/obj_009.1_topology_aware_gnn_v2/HPC_v2_launch/HPC_K562_SPORE_launch/SPORE_light/spore_light.py,2026-07-08 20:23,8fd7dbd3327b15bd2b798516ab1937f1,
spore/src/cleanup.py,OBJECTS/obj_009.1_topology_aware_gnn_v2/HPC_v2_launch/HPC_K562_SPORE_launch/SPORE_light/src/cleanup.py,2026-07-08 15:29,df8d77cc7d21f61c10eeaa5972d52f9b,
spore/src/diagnostics.py,OBJECTS/obj_009.1_topology_aware_gnn_v2/HPC_v2_launch/HPC_K562_SPORE_launch/SPORE_light/src/diagnostics.py,2026-07-08 20:10,665df43ee0065feae2cfdafe7a5f89aa,
spore/src/phase00_sparse_convert.py,OBJECTS/obj_009.1_topology_aware_gnn_v2/HPC_v2_launch/HPC_K562_SPORE_launch/SPORE_light/src/phase00_sparse_convert.py,2026-07-08 15:29,0f8e3d2f067022b48d6cca82a37ba0de,
spore/src/phase01_detection.py,OBJECTS/obj_009.1_topology_aware_gnn_v2/HPC_v2_launch/HPC_K562_SPORE_launch/SPORE_light/src/phase01_detection.py,2026-07-08 20:12,84a070fcd62852b6a6ddf7301999fa26,
spore/src/phase02_cell_triage.py,OBJECTS/obj_009.1_topology_aware_gnn_v2/HPC_v2_launch/HPC_K562_SPORE_launch/SPORE_light/src/phase02_cell_triage.py,2026-07-08 15:29,88a91cb642676ba8bf722ab89df92f54,
spore/src/phase03_ambient.py,OBJECTS/obj_009.1_topology_aware_gnn_v2/HPC_v2_launch/HPC_K562_SPORE_launch/SPORE_light/src/phase03_ambient.py,2026-07-08 15:29,76f9eec97abc011af70cd16845ee7398,
spore/src/phase04_doublets.py,OBJECTS/obj_009.1_topology_aware_gnn_v2/HPC_v2_launch/HPC_K562_SPORE_launch/SPORE_light/src/phase04_doublets.py,2026-07-08 15:29,33b445e2ff5885b9ee64cf639600269a,
spore/src/phase05_escaper_filtering.py,OBJECTS/obj_009.1_topology_aware_gnn_v2/HPC_v2_launch/HPC_K562_SPORE_launch/SPORE_light/src/phase05_escaper_filtering.py,2026-07-08 15:29,cf57b4b43fb02bbc18f31da0d4a06f19,
spore/src/phase06_gene_triage.py,OBJECTS/obj_009.1_topology_aware_gnn_v2/HPC_v2_launch/HPC_K562_SPORE_launch/SPORE_light/src/phase06_gene_triage.py,2026-07-08 15:29,c6c9674b4907a755a8c4fa828c6359e4,
spore/src/phase07_splits.py,OBJECTS/obj_009.1_topology_aware_gnn_v2/HPC_v2_launch/HPC_K562_SPORE_launch/SPORE_light/src/phase07_splits.py,2026-07-08 20:13,77a7bd9c7fc96c0628f927cb686adb1c,
spore/src/phase08_hvg.py,OBJECTS/obj_009.1_topology_aware_gnn_v2/HPC_v2_launch/HPC_K562_SPORE_launch/SPORE_light/src/phase08_hvg.py,2026-07-08 20:18,61c4b8edbbaff22fe9ebfcb570794489,
spore/src/phase08_worker.py,OBJECTS/obj_009.1_topology_aware_gnn_v2/HPC_v2_launch/HPC_K562_SPORE_launch/SPORE_light/src/phase08_worker.py,2026-07-08 15:29,2c862b353d41b6a13d853c0adc09ee17,
spore/src/phase09_normalization.py,OBJECTS/obj_009.1_topology_aware_gnn_v2/HPC_v2_launch/HPC_K562_SPORE_launch/SPORE_light/src/phase09_normalization.py,2026-07-08 15:29,1e46655fee86a732622e8aef72c11e99,
spore/src/phase10_confounders.py,OBJECTS/obj_009.1_topology_aware_gnn_v2/HPC_v2_launch/HPC_K562_SPORE_launch/SPORE_light/src/phase10_confounders.py,2026-07-08 20:12,1b7dd298c1bcfdb96b22e91b46d6a748,
spore/src/phase10_worker.py,OBJECTS/obj_009.1_topology_aware_gnn_v2/HPC_v2_launch/HPC_K562_SPORE_launch/SPORE_light/src/phase10_worker.py,2026-07-08 15:29,0f897fea2258824e4d69a72444dca7a2,
spore/src/phase11_cell_line_separation.py,OBJECTS/obj_009.1_topology_aware_gnn_v2/HPC_v2_launch/HPC_K562_SPORE_launch/SPORE_light/src/phase11_cell_line_separation.py,2026-07-08 15:29,5d7946c508c10854018458ce4c81c836,
spore/src/phase12_metacell.py,OBJECTS/obj_009.1_topology_aware_gnn_v2/HPC_v2_launch/HPC_K562_SPORE_launch/SPORE_light/src/phase12_metacell.py,2026-07-08 20:20,d7b8abdaf733b8e7704f0b9de35f707a,
spore/src/plotting.py,OBJECTS/obj_009.1_topology_aware_gnn_v2/HPC_v2_launch/HPC_K562_SPORE_launch/SPORE_light/src/plotting.py,2026-07-08 15:29,5e2cc9c5ae3caf7a07aa73df3793a457,
spore/src/reporting.py,OBJECTS/obj_009.1_topology_aware_gnn_v2/HPC_v2_launch/HPC_K562_SPORE_launch/SPORE_light/src/reporting.py,2026-07-08 20:11,7e4fe57374ab3fc923f3774d46570f9b,
spore/src/utils.py,OBJECTS/obj_009.1_topology_aware_gnn_v2/HPC_v2_launch/HPC_K562_SPORE_launch/SPORE_light/src/utils.py,2026-07-08 20:10,9507135ace0fc0b131d83225354fc34e,
spore/protected_genes/protected_genes_K562.json,OBJECTS/obj_009.1_topology_aware_gnn_v2/HPC_v2_launch/HPC_K562_SPORE_launch/SPORE_light/protected_genes/protected_genes_K562.json,2026-07-08 15:29,88e21e1a4759cfc426962125e5076f59,
spore/protected_genes/protected_genes_RPE1.json,OBJECTS/obj_009.1_topology_aware_gnn_v2/HPC_v2_launch/HPC_K562_SPORE_launch/SPORE_light/protected_genes/protected_genes_RPE1.json,2026-07-08 15:29,0688b146c177e122c3a78e634c4d2ad4,
spore/protected_genes/protected_genes_h1_hESC.json,OBJECTS/obj_009.1_topology_aware_gnn_v2/HPC_v2_launch/HPC_K562_SPORE_launch/SPORE_light/protected_genes/protected_genes_h1_hESC.json,2026-07-08 15:29,811b65ab770d77580a6e5e2b8db542d1,
spore/protected_genes/protected_genes_K562_base.json,OBJECTS/obj_009.1_topology_aware_gnn_v2/HPC_v2_launch/HPC_K562_SPORE_launch/protected_genes/protected_genes_K562_base.json,2026-07-08 15:29,88e21e1a4759cfc426962125e5076f59,
spore/protected_genes/protected_genes_RPE1_complete_REFERENCE.json,OBJECTS/obj_009.1_topology_aware_gnn_v2/HPC_v2_launch/HPC_K562_SPORE_launch/protected_genes/protected_genes_RPE1_complete_REFERENCE.json,2026-07-08 15:29,051dfb27412960162ef851dbe0ac952f,
spore/configs/spore_config_rpe1.yaml,OBJECTS/obj_009.1_topology_aware_gnn_v2/HPC_v2_launch/HPC_K562_SPORE_launch/SPORE_light/spore_light_config_rpe1.yaml,2026-07-08 20:11,859e0f8d9f2769683d62ee4122659b3a,
spore/configs/spore_config_k562_complete.yaml,OBJECTS/obj_009.1_topology_aware_gnn_v2/HPC_v2_launch/HPC_K562_SPORE_launch/configs/spore_light_config_k562_complete.yaml,2026-07-08 20:30,134e9a97af873b0ebff2b1e484a98964,
spore/configs/spore_config_rpe1_canary.yaml,OBJECTS/obj_009.1_topology_aware_gnn_v2/HPC_v2_launch/HPC_K562_SPORE_launch/configs/spore_light_config_rpe1_canary.yaml,2026-07-08 20:29,0276553831ae1155e0397cb29a278518,
spore/requirements.txt,OBJECTS/obj_009.1_topology_aware_gnn_v2/HPC_v2_launch/HPC_K562_SPORE_launch/requirements.txt,2026-07-08 20:09,621d46e7662c71c2d7668dd8a33e86b2,
spore/run_k562_pipeline.sh,OBJECTS/obj_009.1_topology_aware_gnn_v2/HPC_v2_launch/HPC_K562_SPORE_launch/run_k562_pipeline.sh,2026-07-08 20:31,6964fbaa1070ce2b52cf826fc55b6419,
spore/CHANGELOG.md,OBJECTS/obj_009.1_topology_aware_gnn_v2/HPC_v2_launch/CHANGES_exp_009.1.md,2026-07-08 20:34,8872e8a4595fbd31e4bea8ea692dd3a6,
spore/tools/label_detection.py,SPORE_plus/label_detection.py,2026-06-20 13:27,d2afb7616f4cbcbafa59fc4ae856bba9,
coexpression_generator/submit_coexpression.sh,HYPHAE/for_chinmaya/1_submit_HYPHAE.sh,2026-07-06 20:56,743a0089b595d7fb9a75c72cd662e36e,
coexpression_generator/coexpression_worker.py,HYPHAE/for_chinmaya/2_run_HYPHAE_worker.py,2026-07-07 15:24,f83103128ad5238be99c98bbebe27320,"v3, 7 Jul"
coexpression_generator/consolidate_graphs.py,HYPHAE/for_chinmaya/3_consolidate_graphs.py,2026-07-06 12:47,1b16989f466f4e1eb29127c2876093dd,
coexpression_generator/environment.yml,HYPHAE/for_chinmaya/environment.yml,2026-07-06 12:47,56d9bdf8a178f954f704a32f3b3dc2c5,
coexpression_generator/docs/FIX_NOTES_v3_07JUL.md,HYPHAE/for_chinmaya_notes/FIX_NOTES.md,2026-07-07 15:17,d8781807675f9d64f5d6bbaf2ead129b,
causality_generator/causality_generator.py,SHROOM/shroom.py,2026-06-23 19:36,00cefc3400c4a75fced064d1fecefabb,
supergraph/build_super_parent.py,DATA/EXPERIMENTS/exp_035_fungi_zero_loss_supergraph/src/build_super_parent.py,2026-07-17 11:02,d8c88f42f313781db0c1314690929324,"exp_035 dense fusion (rank-max / weighted, causal_norm)"
supergraph/graph_tools.py,DATA/EXPERIMENTS/exp_035_fungi_zero_loss_supergraph/src/graph_tools.py,2026-07-15 09:56,7215e0098db01858dfc4d29537e0b77d,
supergraph/canonical_fungi_super_recipe.json,DATA/EXPERIMENTS/exp_035_fungi_zero_loss_supergraph/canonical_fungi_super_recipe.json,2026-07-16 17:17,156c38f74cec64e7871289591b83afe8,
fungi/src/alt_diagnostics.py,DATA/EXPERIMENTS/exp_035_fungi_zero_loss_supergraph/kernel_firepower_v2/clone/fungi_src/alt_diagnostics.py,2026-07-18 21:52,b6738ee08e185b1b7b82dd2a3fa4b056,
fungi/src/diagnostics.py,DATA/EXPERIMENTS/exp_035_fungi_zero_loss_supergraph/kernel_firepower_v2/clone/fungi_src/diagnostics.py,2026-07-18 21:52,823d538a2a7a9298412ba3e86885cb79,
fungi/src/effective_resistance.py,DATA/EXPERIMENTS/exp_035_fungi_zero_loss_supergraph/kernel_firepower_v2/clone/fungi_src/effective_resistance.py,2026-07-18 21:52,834d68ce528ae1e5d9627e8c964fecbc,
fungi/src/engine.py,DATA/EXPERIMENTS/exp_035_fungi_zero_loss_supergraph/kernel_firepower_v2/clone/fungi_src/engine.py,2026-07-19 06:24,dd5d9fe46fc3687c6294a557a9a4d557,
fungi/src/filtering.py,DATA/EXPERIMENTS/exp_035_fungi_zero_loss_supergraph/kernel_firepower_v2/clone/fungi_src/filtering.py,2026-07-18 21:52,090eaf05536c5e66d605df4268b7718f,
fungi/src/niching.py,DATA/EXPERIMENTS/exp_035_fungi_zero_loss_supergraph/kernel_firepower_v2/clone/fungi_src/niching.py,2026-07-18 21:52,8af86969e5269fc96eaaadb7a3241987,
fungi/src/refinement.py,DATA/EXPERIMENTS/exp_035_fungi_zero_loss_supergraph/kernel_firepower_v2/clone/fungi_src/refinement.py,2026-07-18 21:52,38bcb69a8f73fd69dfec8b65eff223b5,
fungi/src/report.py,DATA/EXPERIMENTS/exp_035_fungi_zero_loss_supergraph/kernel_firepower_v2/clone/fungi_src/report.py,2026-07-18 21:52,e3ee5688bf698563b4c14ad2302b239f,
fungi/src/search.py,DATA/EXPERIMENTS/exp_035_fungi_zero_loss_supergraph/kernel_firepower_v2/clone/fungi_src/search.py,2026-07-19 07:20,bf5dfca8068db7af2026a10ecd780a1e,
fungi/src/utils.py,DATA/EXPERIMENTS/exp_035_fungi_zero_loss_supergraph/kernel_firepower_v2/clone/fungi_src/utils.py,2026-07-18 21:52,e2c79d1ccd70f1bc44af1677f1efc7c2,
fungi/tests/_verify_step10_vectorized_motif_repair.py,DATA/EXPERIMENTS/exp_035_fungi_zero_loss_supergraph/kernel_firepower_v2/clone/fungi_src/_verify_step10_vectorized_motif_repair.py,2026-07-18 21:52,df1b6992b3481ecab51940bedb7d991e,
fungi/tests/_verify_step11_production_ray_port.py,DATA/EXPERIMENTS/exp_035_fungi_zero_loss_supergraph/kernel_firepower_v2/clone/fungi_src/_verify_step11_production_ray_port.py,2026-07-18 21:52,24b955654c1343ca62692aa5577f84fe,
fungi/tests/_verify_step12_rdf_prior.py,DATA/EXPERIMENTS/exp_035_fungi_zero_loss_supergraph/kernel_firepower_v2/clone/fungi_src/_verify_step12_rdf_prior.py,2026-07-18 21:52,085a0bb3a5040454b2d46401e556494b,
fungi/tests/_verify_step13_bounds_override.py,DATA/EXPERIMENTS/exp_035_fungi_zero_loss_supergraph/kernel_firepower_v2/clone/fungi_src/_verify_step13_bounds_override.py,2026-07-18 21:52,3ec52d669363db942df87d12b94e2999,
fungi/tests/_verify_step14_basin_diversity.py,DATA/EXPERIMENTS/exp_035_fungi_zero_loss_supergraph/kernel_firepower_v2/clone/fungi_src/_verify_step14_basin_diversity.py,2026-07-18 21:52,fd4b8c584172991418e4c8141bc1de40,
fungi/tests/_verify_step2_omega.py,DATA/EXPERIMENTS/exp_035_fungi_zero_loss_supergraph/kernel_firepower_v2/clone/fungi_src/_verify_step2_omega.py,2026-07-18 21:52,d9a28a36ba2de0ce24333b1e2e291074,
fungi/tests/_verify_step3_sort.py,DATA/EXPERIMENTS/exp_035_fungi_zero_loss_supergraph/kernel_firepower_v2/clone/fungi_src/_verify_step3_sort.py,2026-07-18 21:52,622281ee409424e2a233f971d7025708,
fungi/tests/_verify_step4_e2e.py,DATA/EXPERIMENTS/exp_035_fungi_zero_loss_supergraph/kernel_firepower_v2/clone/fungi_src/_verify_step4_e2e.py,2026-07-18 21:52,95f426b1ec116a485eb6145c2b45fabb,
fungi/tests/_verify_step5_benchmark.py,DATA/EXPERIMENTS/exp_035_fungi_zero_loss_supergraph/kernel_firepower_v2/clone/fungi_src/_verify_step5_benchmark.py,2026-07-18 21:52,6bf56a59d6386604330639706d450edd,
fungi/tests/_verify_step7_topology.py,DATA/EXPERIMENTS/exp_035_fungi_zero_loss_supergraph/kernel_firepower_v2/clone/fungi_src/_verify_step7_topology.py,2026-07-18 21:52,59ecb1e0603406270008c5fbc6db69f0,
fungi/tests/_verify_step8_vectorized_alpha.py,DATA/EXPERIMENTS/exp_035_fungi_zero_loss_supergraph/kernel_firepower_v2/clone/fungi_src/_verify_step8_vectorized_alpha.py,2026-07-18 21:52,282c897fd9ee8d37a7a6b73fe9072bf3,
fungi/tests/_verify_step9_vectorized_select_edges.py,DATA/EXPERIMENTS/exp_035_fungi_zero_loss_supergraph/kernel_firepower_v2/clone/fungi_src/_verify_step9_vectorized_select_edges.py,2026-07-18 21:52,7683c0bdd72c53af95209a77bbbc4b0a,
fungi/scripts/fungi_prune.py,DATA/EXPERIMENTS/exp_035_fungi_zero_loss_supergraph/kernel_firepower_v2/src/fungi_prune_v2.py,2026-07-19 06:24,2a71e337479fc9ed08c26f60e3876040,kernel_v2 driver
fungi/scripts/build_fungi_cache.py,DATA/EXPERIMENTS/exp_035_fungi_zero_loss_supergraph/src/build_fungi_cache.py,2026-07-16 13:25,fe4c6de1a61a221daceadc787feb4f37,
fungi/scripts/run_phase0_only.py,FUNGI/_run_phase0_only.py,2026-06-22 15:33,b98f9f469a15c5bb13a5e07ffda9bfcd,
fungi/notebooks/FUNGI_plus.ipynb,FUNGI/FUNGI_plus.ipynb,2026-06-30 16:25,f642875c2b84521cde1fbbd2229245bc,production full-pipeline notebook
fungi/configs/fungi_config_thesis_production.yaml,FUNGI/fungi_config.yaml,2026-07-03 19:33,985492f62384105ffa7667168d0d82e7,
fungi/configs/fungi_config_base.yaml,DATA/EXPERIMENTS/exp_035_fungi_zero_loss_supergraph/clone/fungi_config_base.yaml,2026-07-15 09:56,4a77dd185842ed501d8e00163cd57aaf,
fungi/configs/fungi_config_e2_honest.yaml,DATA/EXPERIMENTS/exp_035_fungi_zero_loss_supergraph/kernel_firepower_v2/clone/fungi_config_e2_honest.yaml,2026-07-18 21:52,b1143645a33b2030c5da518e6e7df3f9,
fungi/configs/fungi_config_litbands.yaml,DATA/EXPERIMENTS/exp_035_fungi_zero_loss_supergraph/kernel_firepower_v2/clone/fungi_config_litbands.yaml,2026-07-18 21:52,30efbf5ec3409505bfb63dc074412b53,
fungi/configs/fungi_config_smax_doseresponse.yaml,DATA/EXPERIMENTS/exp_035_fungi_zero_loss_supergraph/kernel_firepower_v2/clone/fungi_config_smax_doseresponse.yaml,2026-07-21 03:24,8b22b0c19277fb56ceeb891b563572ce,
fungi/configs/fungi_config_v2_stage1.yaml,DATA/EXPERIMENTS/exp_035_fungi_zero_loss_supergraph/kernel_firepower_v2/clone/fungi_config_v2_stage1.yaml,2026-07-18 21:59,24d9b8380ded91ad753e600fb1c43a57,
fungi/configs/fungi_config_v2_stage3.yaml,DATA/EXPERIMENTS/exp_035_fungi_zero_loss_supergraph/kernel_firepower_v2/clone/fungi_config_v2_stage3.yaml,2026-07-18 22:47,b90150c92804b92fecfbe3b27a482207,
fungi/configs/fungi_config_v2_thetapa.yaml,DATA/EXPERIMENTS/exp_035_fungi_zero_loss_supergraph/kernel_firepower_v2/clone/fungi_config_v2_thetapa.yaml,2026-07-19 06:25,011c0d033d36b82f35a9a6a49dd838be,
rhizo/src/build_caches_v3f.py,DATA/EXPERIMENTS/exp_033_masterpiece_crossline_crownjewel/clone/harness_gauntlet_src/build_caches_v3f.py,2026-07-11 15:01,3bab090a995d3e4ac3905be09acb97c3,
rhizo/src/build_rpe1_gauntlet_data.py,DATA/EXPERIMENTS/exp_031_a100_windfall_campaign/patch3/src/build_rpe1_gauntlet_data.py,2026-07-10 17:07,bb4091dcb3da952e2c8ba6b74c12886d,patch3
rhizo/src/compute_topo_features.py,DATA/EXPERIMENTS/exp_033_masterpiece_crossline_crownjewel/clone/harness_gauntlet_src/compute_topo_features.py,2026-07-11 15:01,7d1b6d4e63576f7f38542f545cf68386,
rhizo/src/edge_features_v3f.py,DATA/EXPERIMENTS/exp_033_masterpiece_crossline_crownjewel/clone/harness_gauntlet_src/edge_features_v3f.py,2026-07-11 15:01,a63fced757728d248ac7a14c9fda2042,
rhizo/src/exp029_smoke.py,DATA/EXPERIMENTS/exp_033_masterpiece_crossline_crownjewel/clone/harness_gauntlet_src/exp029_smoke.py,2026-07-11 15:01,cddac96d0fbeb54f36552bad666def64,
rhizo/src/gauntlet_v3f.py,DATA/EXPERIMENTS/exp_031b_definitive_overnight_characterization/patch4/src/gauntlet_v3f.py,2026-07-10 20:25,cfab7cce10a0f5c384440e1d12b522a3,patch4 (newest gauntlet)
rhizo/src/graphs_v3f.py,DATA/EXPERIMENTS/exp_033_masterpiece_crossline_crownjewel/clone/harness_gauntlet_src/graphs_v3f.py,2026-07-11 15:01,d67118622acdaffb44cf6b094d0a7b3d,
rhizo/src/harness_v3f.py,DATA/EXPERIMENTS/exp_033_masterpiece_crossline_crownjewel/clone/harness_gauntlet_src/harness_v3f.py,2026-07-11 15:01,9f1fd11eed02de7aeadadc08d845adf8,
rhizo/src/hpo_v3f.py,DATA/EXPERIMENTS/exp_033_masterpiece_crossline_crownjewel/clone/harness_gauntlet_src/hpo_v3f.py,2026-07-11 15:01,79edc2c390737271b194a452126a255d,
rhizo/src/metrics_v3f.py,DATA/EXPERIMENTS/exp_033_masterpiece_crossline_crownjewel/clone/harness_gauntlet_src/metrics_v3f.py,2026-07-11 15:01,937914ebe448ffa4d989293644c928c2,
rhizo/src/model_v3f.py,DATA/EXPERIMENTS/exp_033_masterpiece_crossline_crownjewel/clone/harness_gauntlet_src/model_v3f.py,2026-07-11 15:01,7e7de9a37379fce25ebed063c7ec91af,
rhizo/src/run_trial_v3f.py,DATA/EXPERIMENTS/exp_033_masterpiece_crossline_crownjewel/clone/harness_gauntlet_src/run_trial_v3f.py,2026-07-11 15:01,abc0c29641deb3beccc3d8f89793932c,
rhizo/src/test_invariant_v3f.py,DATA/EXPERIMENTS/exp_033_masterpiece_crossline_crownjewel/clone/harness_gauntlet_src/test_invariant_v3f.py,2026-07-11 15:01,56b2ff1f076fca8807b9d490fedbf21e,
rhizo/src/verify_v3f.py,DATA/EXPERIMENTS/exp_033_masterpiece_crossline_crownjewel/clone/harness_gauntlet_src/verify_v3f.py,2026-07-11 15:01,a871ffd90d6617e36b763350b2d75163,
rhizo/src/zeroshot_v3f.py,DATA/EXPERIMENTS/exp_033_masterpiece_crossline_crownjewel/clone/harness_gauntlet_src/zeroshot_v3f.py,2026-07-11 15:01,b49443c11fe48380270dfd9e6cd05f92,
rhizo/src/build_rhizomorph.py,DATA/EXPERIMENTS/exp_031_a100_windfall_campaign/patch3/src/build_rhizomorph.py,2026-07-10 17:13,6e6903c5d1436b3da98bce312c68b653,patch3
rhizo/src/build_cellhalf_lfc.py,DATA/EXPERIMENTS/exp_029_hpc_rhizo_crownjewel_showdown/patch2/src/build_cellhalf_lfc.py,2026-07-10 15:47,b366b03506ef54840bf42a5eae609506,patch2
rhizo/clone/ablation_v2.py,OBJECTS/obj_009.3_rhizo_final/clone/ablation_v2.py,2026-07-09 10:46,13e407d7aa32a16a3b2f2850b0f7faf7,
rhizo/clone/attention.py,OBJECTS/obj_009.3_rhizo_final/clone/attention.py,2026-07-09 10:46,aac33f10288b3f5fb55fd5050efbc537,
rhizo/clone/build_caches.py,OBJECTS/obj_009.3_rhizo_final/clone/build_caches.py,2026-07-09 10:46,fe37d34e4b7e1d1d608923519144b9b5,
rhizo/clone/dwlp.py,OBJECTS/obj_009.3_rhizo_final/clone/dwlp.py,2026-07-09 10:46,6494f387c94802b2c087af0751a06507,
rhizo/clone/edge_features.py,OBJECTS/obj_009.3_rhizo_final/clone/edge_features.py,2026-07-09 10:46,9cd07dad98cd94df034162a41fd0dda4,
rhizo/clone/edge_features_v3.py,OBJECTS/obj_009.3_rhizo_final/clone/edge_features_v3.py,2026-07-09 10:46,c7421ade8f79b540412637bf9c59285b,
rhizo/clone/graph_caches.py,OBJECTS/obj_009.3_rhizo_final/clone/graph_caches.py,2026-07-09 10:46,ff85298c9529d11b5256df1d79878e53,
rhizo/clone/graph_io.py,OBJECTS/obj_009.3_rhizo_final/clone/graph_io.py,2026-07-09 10:46,d5cc285c4d2c4e07f6b8d96d315752f3,
rhizo/clone/graphs_v2.py,OBJECTS/obj_009.3_rhizo_final/clone/graphs_v2.py,2026-07-09 10:46,33decefb708e688ba5023258e00f6632,
rhizo/clone/graphs_v3.py,OBJECTS/obj_009.3_rhizo_final/clone/graphs_v3.py,2026-07-09 10:46,e9ee3505bb85176276df3a48e01ad5e0,
rhizo/clone/harness_v2.py,OBJECTS/obj_009.3_rhizo_final/clone/harness_v2.py,2026-07-09 10:46,544293c4b4b32b8c05fc0bcc7b126ff2,
rhizo/clone/harness_v3.py,OBJECTS/obj_009.3_rhizo_final/clone/harness_v3.py,2026-07-09 10:46,59ee283860ecb231b2952d5d15a28781,
rhizo/clone/metrics.py,OBJECTS/obj_009.3_rhizo_final/clone/metrics.py,2026-07-09 10:46,cc3d6577832f5333af7f985c30bb845b,
rhizo/clone/metrics_v2.py,OBJECTS/obj_009.3_rhizo_final/clone/metrics_v2.py,2026-07-09 10:46,f5e5652bdc141c204625736c6d8ec718,
rhizo/clone/metrics_v3.py,OBJECTS/obj_009.3_rhizo_final/clone/metrics_v3.py,2026-07-09 10:46,6b194042e464a15385b3b8ac03141fa5,
rhizo/clone/model_v2.py,OBJECTS/obj_009.3_rhizo_final/clone/model_v2.py,2026-07-09 10:46,199722f9708c82eb009bd1822dd2baad,
rhizo/clone/model_v3.py,OBJECTS/obj_009.3_rhizo_final/clone/model_v3.py,2026-07-09 10:46,03c5be23bdd51885603208ca8fa5d622,
rhizo/clone/node_context.py,OBJECTS/obj_009.3_rhizo_final/clone/node_context.py,2026-07-09 10:46,c1f40b7bdff720bd036d066fba3bdda2,
rhizo/clone/run_obj0091_grid.py,OBJECTS/obj_009.3_rhizo_final/clone/run_obj0091_grid.py,2026-07-09 10:46,f67d14a88622183118646a7d678ec747,
rhizo/clone/spill_probe.py,OBJECTS/obj_009.3_rhizo_final/clone/spill_probe.py,2026-07-09 10:46,168c5a09e28e6812c2efd93ca95d28fe,
rhizo/clone/test_invariant_v2.py,OBJECTS/obj_009.3_rhizo_final/clone/test_invariant_v2.py,2026-07-09 10:46,3ccd54d372ac3edc3011a4af08ddb4e0,
rhizo/clone/topo_common.py,OBJECTS/obj_009.3_rhizo_final/clone/topo_common.py,2026-07-09 10:46,d1100b4c35aff31dd8eb2c215958a345,
rhizo/clone/v1_ablation.py,OBJECTS/obj_009.3_rhizo_final/clone/v1_ablation.py,2026-07-09 10:46,3ecc2c7ea2693134bb8c260f9805623e,
rhizo/clone/v1_graphs.py,OBJECTS/obj_009.3_rhizo_final/clone/v1_graphs.py,2026-07-09 10:46,321b68a25b04f796e6903f0608866b4e,
rhizo/clone/v1_harness.py,OBJECTS/obj_009.3_rhizo_final/clone/v1_harness.py,2026-07-09 10:46,49ed150fa18dd511ef6ca161d138715f,
rhizo/clone/v1_model.py,OBJECTS/obj_009.3_rhizo_final/clone/v1_model.py,2026-07-09 10:46,21f3ee86a93ee67a1b7ecf64ca853c9d,
rhizo/clone/v1_prep_data.py,OBJECTS/obj_009.3_rhizo_final/clone/v1_prep_data.py,2026-07-09 10:46,ff71ed72ef1aecc8dbad61149f24094c,
rhizo/clone/v1_test_invariant.py,OBJECTS/obj_009.3_rhizo_final/clone/v1_test_invariant.py,2026-07-09 10:46,3caee397c50d31d3ae3826202516bfd9,
rhizo/clone/v1_verify.py,OBJECTS/obj_009.3_rhizo_final/clone/v1_verify.py,2026-07-09 10:46,2682258e8925cf92f66678f10f8a959b,
rhizo/clone/verify_v2.py,OBJECTS/obj_009.3_rhizo_final/clone/verify_v2.py,2026-07-09 10:46,d618564fa9ed12384f189bd567af820a,
rhizo/clone/vram_watchdog.py,OBJECTS/obj_009.3_rhizo_final/clone/vram_watchdog.py,2026-07-09 10:46,a0cbd2af08aeeaa95d6e351ff25ba091,
rhizo/configs/hpo_v3f.yaml,OBJECTS/obj_009.3_rhizo_final/configs/hpo_v3f.yaml,2026-07-09 10:58,7a605c91ce05b9a9dd5ca15db6746f46,
rhizo/configs/obj_009_3.yaml,OBJECTS/obj_009.3_rhizo_final/configs/obj_009_3.yaml,2026-07-09 11:31,eef4227e573d1b52794b1e59e110b25f,
rhizo/configs/abl_directed_topo.json,DATA/EXPERIMENTS/exp_031b_definitive_overnight_characterization/patch4/configs/abl_directed_topo.json,2026-07-10 20:25,6fa2e574093c1165f891279cc99932fb,
rhizo/configs/abl_film_off.json,DATA/EXPERIMENTS/exp_031b_definitive_overnight_characterization/patch4/configs/abl_film_off.json,2026-07-10 20:24,75d2fcf8f8f973fe31e55516197b66e7,
rhizo/configs/abl_ovsq_off.json,DATA/EXPERIMENTS/exp_031b_definitive_overnight_characterization/patch4/configs/abl_ovsq_off.json,2026-07-10 20:24,e331ce6043ca7f683b9a7ddb2dbb46b2,
rhizo/configs/cap_big.json,DATA/EXPERIMENTS/exp_031b_definitive_overnight_characterization/patch4/configs/cap_big.json,2026-07-10 20:25,64be397aadc5ef54856cd298cec03ed7,
rhizo/configs/core_anchor_b8.json,DATA/EXPERIMENTS/exp_031b_definitive_overnight_characterization/patch4/configs/core_anchor_b8.json,2026-07-10 20:24,b4aaa468d6f2440fe0d282d249abc312,
rhizo/sbatch_rhizo_final.sh,OBJECTS/obj_009.3_rhizo_final/sbatch_rhizo_final.sh,2026-07-09 11:04,f9c1153b4573dc262ddba3faa00fa7f9,
rhizo/requirements.txt,OBJECTS/obj_009.3_rhizo_final/requirements.txt,2026-07-09 11:04,a767798bdf4c4a4e7968b932e8fea6c8,
rhizo/docs/README_RHIZO_FINAL.md,OBJECTS/obj_009.3_rhizo_final/README_RHIZO_FINAL.md,2026-07-09 11:06,2e0acf068834353e700bd519bf076f39,
rhizo/docs/rhizo_design_spec.md,OBJECTS/obj_009.3_rhizo_final/obj_009.3_rhizo_final.md,2026-07-09 10:24,bc7313c16ef696e6efec889a5251cf22,
baselines/graph_tools.py,DATA/EXPERIMENTS/exp_033_masterpiece_crossline_crownjewel/src/graph_tools.py,2026-07-11 15:13,7215e0098db01858dfc4d29537e0b77d,exp_033 (Borda super + TW/KNN builders)
baselines/build_rpe1_graphs.py,DATA/EXPERIMENTS/exp_033_masterpiece_crossline_crownjewel/src/build_rpe1_graphs.py,2026-07-11 18:18,7cad64ad456d3b68575b8aa0a2c7b321,
baselines/build_h1hesc_graphs.py,DATA/EXPERIMENTS/exp_033_masterpiece_crossline_crownjewel/src/build_h1hesc_graphs.py,2026-07-11 18:17,4bce47ce888b8c9bd10690ec02d0d813,
baselines/build_knn_competitor.py,DATA/EXPERIMENTS/exp_029_hpc_rhizo_crownjewel_showdown/src/build_knn_competitor.py,2026-07-10 11:26,1936d0353b29e72647989d009da2ad33,
baselines/build_nulls.py,DATA/EXPERIMENTS/exp_029_hpc_rhizo_crownjewel_showdown/patch2/src/build_nulls_and_shroom.py,2026-07-10 15:47,2d977b57826caf555be930a29f7c81c2,
evaluation/anastomosis_scorer/anastomosis.py,OBJECTS/obj_010_anastomosis/src/anastomosis.py,2026-07-10 09:26,3ba6683b92b799945ecdbf0f36c1f6f2,
evaluation/anastomosis_scorer/firesale.py,OBJECTS/obj_010_anastomosis/src/firesale.py,2026-07-10 09:25,15be9fe987d2512eecd4ddb570bc594b,
evaluation/anastomosis_scorer/gpu_kernels.py,OBJECTS/obj_010_anastomosis/src/gpu_kernels.py,2026-07-10 09:30,be9300e7f176969746b05167ed136a38,
evaluation/anastomosis_scorer/io_adapters.py,DATA/EXPERIMENTS/exp_031b_definitive_overnight_characterization/patch6/obj010/io_adapters.py,2026-07-11 12:04,d24954af0c1cd7b7390303f80c0cc76a,patch6 overlay
evaluation/anastomosis_scorer/metrics.py,OBJECTS/obj_010_anastomosis/src/metrics.py,2026-07-10 09:22,714476c2cad4c9207669286f1bd7a268,
evaluation/anastomosis_scorer/metrics_path.py,DATA/EXPERIMENTS/exp_031b_definitive_overnight_characterization/patch6/obj010/metrics_path.py,2026-07-11 12:04,5b37f6359b8ab0fbc0ea460d46cd8762,patch6 overlay
evaluation/anastomosis_scorer/panel.py,DATA/EXPERIMENTS/exp_031b_definitive_overnight_characterization/patch6/obj010/panel.py,2026-07-11 12:04,23bba9eed835badef58de6f941b17963,patch6 overlay
evaluation/anastomosis_scorer/score_preds.py,DATA/EXPERIMENTS/exp_031b_definitive_overnight_characterization/patch6/obj010/score_preds.py,2026-07-11 12:04,83366fd66d9dea6be56f00675f1abaee,patch6 overlay
evaluation/anastomosis_scorer/scorer.py,OBJECTS/obj_010_anastomosis/src/scorer.py,2026-07-10 09:25,9a38cfd50208304542960a5aca8321b4,
evaluation/anastomosis_scorer/stats_h_a.py,DATA/EXPERIMENTS/exp_031b_definitive_overnight_characterization/patch6/obj010/stats_h_a.py,2026-07-11 12:04,5c10cf04581e7824ce87dc48d6f981fd,patch6 overlay
evaluation/anastomosis_sweep_gpu/anastomosis_sweep.py,anastomosis/src/anastomosis_sweep.py,2026-07-12 16:39,82b4bd4917c7a5d7191c4a4789d4fe37,
evaluation/anastomosis_sweep_gpu/exactness_gate.py,anastomosis/src/exactness_gate.py,2026-07-12 10:53,caba950457bb62c4793e16594983b641,
evaluation/anastomosis_sweep_gpu/gpu_panel_kernels.py,anastomosis/src/gpu_panel_kernels.py,2026-07-12 10:53,d0c7b9d461b65eae32d67e8ecb43fb8c,
evaluation/anastomosis_scorer/SPEC.md,OBJECTS/obj_010_anastomosis/obj_010_anastomosis.md,2026-07-10 08:51,de93f6d22db4ff8d0588fc1ed5342c57,
evaluation/grn_bio_evaluator/src/batch_eval.py,OBJECTS/obj_003_grn_bio_evaluator_v2/src/batch_eval.py,2026-06-27 14:05,4fc165bd81fb6ee030ada62c55cf1bb6,
evaluation/grn_bio_evaluator/src/bio_metrics.py,OBJECTS/obj_003_grn_bio_evaluator_v2/src/bio_metrics.py,2026-07-01 06:15,718affabdbe787fd57060e1c510c3ef7,
evaluation/grn_bio_evaluator/src/cell_config.py,OBJECTS/obj_003_grn_bio_evaluator_v2/src/cell_config.py,2026-07-01 06:15,94380de860cf1a2298824ced11b35048,
evaluation/grn_bio_evaluator/src/databases_v2.py,OBJECTS/obj_003_grn_bio_evaluator_v2/src/databases_v2.py,2026-07-01 06:15,71228a588bf34ead995abc1944e41488,
evaluation/grn_bio_evaluator/src/go_enrichment.py,OBJECTS/obj_003_grn_bio_evaluator_v2/src/go_enrichment.py,2026-06-27 13:53,91c03cd1b85f6353f243bf0f64849071,
evaluation/grn_bio_evaluator/src/gpu_context.py,OBJECTS/obj_003_grn_bio_evaluator_v2/src/gpu_context.py,2026-07-01 11:12,5c58d1a50861b9bd6a9d7bdaebb64133,
evaluation/grn_bio_evaluator/src/gpu_stat_kernels.py,OBJECTS/obj_003_grn_bio_evaluator_v2/src/gpu_stat_kernels.py,2026-07-01 11:12,6f091ca1b94f8b949c9a6ec6230f2d97,
evaluation/grn_bio_evaluator/src/grn_eval_v2.py,OBJECTS/obj_003_grn_bio_evaluator_v2/src/grn_eval_v2.py,2026-07-01 11:14,16728596c27913292fe4843bd68059b4,
evaluation/grn_bio_evaluator/src/motif_metrics.py,OBJECTS/obj_003_grn_bio_evaluator_v2/src/motif_metrics.py,2026-07-01 06:33,71b41ea96fa8ec4bbc13b2066fe45118,
evaluation/grn_bio_evaluator/src/stat_metrics.py,OBJECTS/obj_003_grn_bio_evaluator_v2/src/stat_metrics.py,2026-07-01 11:12,f898067783681f9046a535fdfb2f319d,
evaluation/grn_bio_evaluator/cell_configs/h1_hesc.yaml,OBJECTS/obj_003_grn_bio_evaluator_v2/data/cell_configs/h1_hesc.yaml,2026-07-01 06:15,fc46f28ca14aa0fb4508bc1bd4fa380d,
evaluation/grn_bio_evaluator/cell_configs/k562.yaml,OBJECTS/obj_003_grn_bio_evaluator_v2/data/cell_configs/k562.yaml,2026-07-01 06:15,bee475123fd5d50953d974592015a3fa,
evaluation/grn_bio_evaluator/cell_configs/rpe1.yaml,OBJECTS/obj_003_grn_bio_evaluator_v2/data/cell_configs/rpe1.yaml,2026-07-01 06:33,5094e38f6b114591a6e43b2691f1dad4,
evaluation/grn_bio_evaluator/gpu/gpu_context.py,OBJECTS/obj_003.2_grn_eval_gpu/src/gpu_context.py,2026-07-01 10:13,5c58d1a50861b9bd6a9d7bdaebb64133,
evaluation/grn_bio_evaluator/gpu/gpu_stat_kernels.py,OBJECTS/obj_003.2_grn_eval_gpu/src/gpu_stat_kernels.py,2026-07-01 10:12,6f091ca1b94f8b949c9a6ec6230f2d97,
evaluation/grn_bio_evaluator/gpu/prod_verify_v22.py,OBJECTS/obj_003.2_grn_eval_gpu/src/prod_verify_v22.py,2026-07-01 11:14,4aea2f8ff22a47bd1bdb0a05e0524b4d,
evaluation/grn_bio_evaluator/gpu/test_kernels.py,OBJECTS/obj_003.2_grn_eval_gpu/src/test_kernels.py,2026-07-01 09:45,e664b703ed275c4fd40b4844c7cc0efc,
evaluation/grn_bio_evaluator/gpu/validate.py,OBJECTS/obj_003.2_grn_eval_gpu/src/validate.py,2026-07-01 10:27,debd3bf38517db3e636cbcc14a504bf6,
evaluation/grn_bio_evaluator/gpu/validate_obj004.py,OBJECTS/obj_003.2_grn_eval_gpu/src/validate_obj004.py,2026-07-01 10:28,d6f51b647a44a04ecdfe8231d9790ae1,
evaluation/grn_bio_evaluator/SPEC_gpu.md,OBJECTS/obj_003.2_grn_eval_gpu/obj_003.2_grn_eval_gpu.md,2026-07-01 09:08,8e2edfd41a8703deecf122e98e80be32,
evaluation/systema_graph_eval/systema_graph_eval.py,OBJECTS/obj_004_systema_graph_eval/src/systema_graph_eval.py,2026-07-01 11:13,c7f5e595f12ac27a991c80d42b35666f,
evaluation/systema_graph_eval/systema_metrics.py,OBJECTS/obj_004_systema_graph_eval/src/systema_metrics.py,2026-07-01 11:13,47411cc574a9c36f824bba28e389cb80,
evaluation/systema_graph_eval/SPEC.md,OBJECTS/obj_004_systema_graph_eval/obj_004_systema_graph_eval.md,2026-06-29 09:17,1fbfd8a7b60546a963dcfbc523f30d6e,
